<?xml version="1.0" encoding="UTF-8"?>
<?xml-model href="out/motherODD.rnc" type="application/relax-ng-compact-syntax"?>
<TEI xmlns="http://www.tei-c.org/ns/1.0"  xmlns:xi="http://www.w3.org/2001/XInclude">
  <teiHeader>
    <fileDesc>
      <titleStmt>
        <title>Un corpus de documents</title>
      </titleStmt>
      <publicationStmt><p>Distribué par <name>Lou Burnard Consulting</name></p></publicationStmt>
      <sourceDesc><p>Pas de source: document originel</p></sourceDesc>
    </fileDesc>
      <!-- metadonnees s'appliquant à tous les composants du corpus -->
  </teiHeader>
  <TEI>
    <!-- metadonnees s'appliquant au premier document -->
    <xi:include href="metadata.xml"/>
    <xi:include href="transcription.xml"/>
  </TEI> 
 <TEI>
    <!-- metadonnees s'appliquant au deuxième document -->
    <xi:include href="metadata-2.xml"/>
    <xi:include href="transcription-2.xml"/>
  </TEI>
</TEI>