<?xml version="1.0" encoding="UTF-8"?>

<TEI xmlns="http://www.tei-c.org/ns/1.0">
 <teiHeader>
  <fileDesc>
   <titleStmt>
    <title>Chaînage ODD</title>
    <author>Lou Burnard</author>
   </titleStmt>
   <publicationStmt>
    <p>Unpublished</p>
   </publicationStmt>
   <sourceDesc>
    <p>Born digital</p>
   </sourceDesc>
  </fileDesc>
  <revisionDesc>
   <change when="2017-12-28">First draft</change>
  </revisionDesc>
 </teiHeader>
 <text>

  <body>
   <div type="schemaSpec">
    <head>Spécification de la "mère porteuse"</head>
    <p>Ce schéma spécifie tous les éléments utilisés dans notre projet et pour la transcription et
     pour la description des données (les métadonnées).</p>
    <schemaSpec ident="mother" start="TEI" docLang="fr">
     <moduleRef key="tei"/>
     <moduleRef key="header" include="fileDesc idno  profileDesc publicationStmt sourceDesc
      teiHeader titleStmt xenoData"/>
     <moduleRef key="core" include="hi name pb p respStmt resp  title "/>
     <moduleRef key="textstructure" include="TEI body div text"/>
     <moduleRef key="namesdates" include="listPerson listPlace persName  person place placeName"/>
     <moduleRef key="corpus" include="particDesc settingDesc"/>
    </schemaSpec>
   </div>
  </body>
 </text>
</TEI>
